conversation_id,user_id,subject,timestamp
"6962181067_1738577071,6962181067,""""""Daily Activity Overview: Steps, Distance, and Active Time"""""",2025-02-03T11:04:35.832043"
"6962181067_1738577108,6962181067,""""""Step Count Comparison: 15th vs. 14th April"""""",2025-02-03T11:05:12.295603"
"6962181067_1738577368,6962181067,""""""Setting a Daily Step Goal of 12,000 Steps"""""",2025-02-03T11:09:32.334790"
"6962181067_1738577813,6962181067,""""""Top 10 Fitness Tips for a Healthy Lifestyle"""""",2025-02-03T11:16:57.670674"
"6962181067_1738586391,6962181067,""""""5 Simple Activities to Reduce Sedentary Time During Breaks"""""",2025-02-03T13:39:56.169983"
"6962181067_1738586421,6962181067,""""""Factors Affecting Restfulness: Activity Level, Calorie Burn, and Sleep Goals"""""",2025-02-03T13:40:26.298634"
"6962181067_1738586527,6962181067,""""""Tips for Improving Sleep Quality Based on Recent Data"""""",2025-02-03T13:42:12.688113"
"6962181067_1738586821,6962181067,""""""Analyzing Sleep Patterns: 492 Entries of Sleep Data"""""",2025-02-03T13:47:05.364242"
"6962181067_1738589377,6962181067,""""""Effective Strategies to Increase Daily Movement"""""",2025-02-03T14:29:47.708722"
"6962181067_1738589449,6962181067,""""""Analyzing Last Night's Sleep Patterns and Improvement Tips"""""",2025-02-03T14:31:01.140597"
"6962181067_1738589998,6962181067,""""""Effective Strategies to Increase Your Daily Step Count"""""",2025-02-03T14:40:12.635598"
"6962181067_1738590057,6962181067,""""""Analysis and Improvement Tips for Your Sleep Pattern from Last Night"""""",2025-02-03T14:41:10.969645"
"6962181067_1738593063,6962181067,""""""Improving Sleep Quality: Tips Based on Recent Sleep Data"""""",2025-02-03T15:31:14.508390"
"6962181067_1738593895,6962181067,""""""Strategies to Enhance Sleep Quality Based on Recent Sleep Data"""""",2025-02-03T15:45:07.654259"
"6962181067_1738593977,6962181067,""""""Improving Sleep Quality: Tips Based on Sleep Data Analysis"""""",2025-02-03T15:46:26.791095"
"6962181067_1738594067,6962181067,""""""Strategies for Improving Sleep Quality Based on Sleep Data"""""",2025-02-03T15:47:57.153923"
"6962181067_1738594130,6962181067,""""""Weekly Step Goal Progress Update"""""",2025-02-03T15:48:59.032501"
"6962181067_1738594307,6962181067,""""""Weekly Step Goal Progress Check"""""",2025-02-03T15:51:54.327150"
"test_1738919622,test,""""""Assessing Daily Step Progress Towards Fitness Goal"""""",2025-02-07T10:13:49.049703"
"test_1738920233,test,""""""Daily Step Count Analysis and Goal Adjustment"""""",2025-02-07T10:24:07.522371"
test_1738920989,test,Daily Step Count Update,2025-02-07T10:36:32.795654
test_1738921103,test,Daily Step Count Update,2025-02-07T10:38:38.286137
test_1738921291,test,Sleep Analysis and Improvement Recommendations,2025-02-07T10:41:37.007631
"test_1738921580,test,""""""Sleep Data Analysis Inquiry"""""",2025-02-07T10:46:29.417852"
"test_1738921737,test,""""""Sleep Analysis and Improvement Suggestions"""""",2025-02-07T10:49:02.231478"
"test_1738921963,test,""""""Sleep Quality Analysis and Improvement Suggestions"""""",2025-02-07T10:54:34.016628"
"test_1738922206,test,""""""Sleep Analysis: Insights on Duration and Restlessness"""""",2025-02-07T10:56:58.022135"
"test_1738924037,test,""""""Improving Sleep Quality: Tips for Better Rest"""""",2025-02-07T11:28:05.813125"
test_1738924217,test,Analyzing Today's Fitness and Activity Metrics,2025-02-07T11:30:26.493807
6962181067_1740491130,6962181067,Overall health check,2025-02-07T11:40:26.493807
6962181067_1740491758,6962181067,"""Step Goal Progress Update""",2025-02-25T14:56:04.081564
6962181067_1740650597,6962181067,"""Tips for Overcoming Fatigue and Boosting Energy""",2025-02-27T11:03:20.940752
6962181067_1740664439,6962181067,Daily Step Count and Calorie Burn Summary,2025-02-27T14:54:04.639892
6962181067_1740665216,6962181067,"Daily Health Overview: Activity, Sleep, and Weight Summary for April 15th",2025-02-27T15:07:12.864939
6962181067_1740665856,6962181067,"""Effective Activity Changes for Weight Management""",2025-02-27T15:17:39.718222
6962181067_1740666037,6962181067,"""Activities to Boost Your Active Minutes Goal Today""",2025-02-27T15:20:41.781576
6962181067_1741005147,6962181067,Daily Step Count and Calorie Burn Update,2025-03-03T13:32:32.828033
6962181067_1741858891,6962181067,"""Improving Sleep Quality: Insights and Tips Based on Sleep Data""",2025-03-13T10:41:39.163572
6962181067_1741859279,6962181067,"""User Requests No Response from AI""",2025-03-13T10:48:02.122760
6962181067_1741859502,6962181067,Understanding Caloric Burn: The Impact of Activity Levels on Daily Caloric Expenditure,2025-03-13T10:51:48.281110
6962181067_1741876882,6962181067,Testing the System: Inquiry on Fitness and Nutrition,2025-03-13T15:41:25.277548
6962181067_1746610339,6962181067,"""Step Tracking Update for Sophie: April 16, 2016""",2025-05-07T11:32:32.454240
6962181067_1746610497,6962181067,"""Step Count Progress and Insights for Sophie""",2025-05-07T11:35:08.964911
6962181067_1746616249,6962181067,"""Strategies for Increasing Daily Step Count: Tips for Sophie""",2025-05-07T13:10:59.896322
6962181067_1746616852,6962181067,"""Weight Loss Guidance for Sophie: Achieving a 5 kg Goal""",2025-05-07T13:21:10.265131
6962181067_1746710169,6962181067,"""Enhancing Daily Activity: Walking Tips for Sophie""",2025-05-08T15:16:21.433274
6962181067_1746710403,6962181067,"""Effective Workplace Stretches for Improved Flexibility and Tension Relief""",2025-05-08T15:20:17.441214
6962181067_1746710676,6962181067,"""Analyzing Today's Low Step Count and Its Impact on Energy Levels""",2025-05-08T15:25:05.130034
6962181067_1746783269,6962181067,"""Strategies for Increasing Daily Step Count: Tips for Sophie""",2025-05-09T11:34:43.712028
6962181067_1746783904,6962181067,"""Weekly Step Goal Progress for Sophie: Tracking Steps and Staying Motivated""",2025-05-09T11:45:15.609657
6962181067_1746786264,6962181067,"""Tips for Incorporating More Walking into Daily Routine""",2025-05-09T12:24:34.499209
6962181067_1746786450,6962181067,"""Strategies for Incorporating More Walking into Daily Life""",2025-05-09T12:27:39.667370
6962181067_1746786589,6962181067,"""Marathon Training Plan for Sophie: A 12-Week Guide""",2025-05-09T12:30:09.576967
6962181067_1746786915,6962181067,"""Improving Sleep Quality: Tips for a Restful Night""",2025-05-09T12:35:39.349273
6962181067_1746787042,6962181067,"""Optimal Breakfast Choices for Energizing Morning Workouts""",2025-05-09T12:37:36.256406
6962181067_1746787933,6962181067,Improving Sleep Quality: Tips for Better Rest Based on Recent Data,2025-05-09T12:52:31.280214
6962181067_1746788499,6962181067,"""Optimizing Activity Levels for Effective Weight Management: A Guide for Sophie""",2025-05-09T13:01:56.530523
6962181067_1746803891,6962181067,"""Enhancing Daily Activity: Walking Tips for Sophie""",2025-05-09T17:18:22.422564
6962181067_1746804027,6962181067,"""Enhancing Daily Activity: Walking Tips for Sophie""",2025-05-09T17:20:38.257275
6962181067_1746804194,6962181067,"""Tracking Weekly Step Goals and Tips for Increasing Activity""",2025-05-09T17:23:28.440344
6962181067_1746815064,6962181067,"""Enhancing Your Walk: Fun Tips for Sophie""",2025-05-09T20:24:36.238578
6962181067_1746815471,6962181067,"""Weight Management Insights and Routine Adjustments for Sophie""",2025-05-09T20:31:43.124389
6962181067_1746976213,6962181067,"""Step Goal Strategies for Sophie: Boosting Daily Activity""",2025-05-11T17:10:31.852132
6962181067_1746988513,6962181067,"""Strategies for Increasing Daily Walking to Reach Step Goals""",2025-05-11T20:35:28.130025
6962181067_1746988779,6962181067,"""Strategies for Increasing Daily Walking to Achieve Step Goals""",2025-05-11T20:39:53.545711
6962181067_1746989711,6962181067,"""Motivational Strategies for Weight Management: A Conversation with Sophie""",2025-05-11T20:55:20.731488
6962181067_1747053739,6962181067,"""Tips for Increasing Daily Step Count: A Conversation with Sophie""",2025-05-12T14:42:35.869816
6962181067_1747054844,6962181067,Improving Sleep Quality: Tips for Better Rest,2025-05-12T15:01:12.370426
6962181067_1747075215,6962181067,"""Strategies to Reduce Sedentary Time for a Healthier Lifestyle""",2025-05-12T20:40:32.555294
6962181067_1747075583,6962181067,"""Understanding the Impact of Reduced Active Minutes on Energy Levels: A Case Study for Sophie""",2025-05-12T20:46:44.487451
6962181067_1747075952,6962181067,"""Calorieverbranding: Tips voor Sophie om 300 CalorieÃ«n te Verbranden vanavond""",2025-05-12T20:52:45.546895
6962181067_1747076119,6962181067,Calorieverbranding tijdens een voetbalwedstrijd voor vrouwen,2025-05-12T20:55:31.125337
6962181067_1747124592,6962181067,"""Tips for Increasing Daily Step Count: A Guide for Sophie""",2025-05-13T10:23:24.134908
6962181067_1747124918,6962181067,"""Sleep Quality Improvement Tips for Sophie""",2025-05-13T10:28:50.306791
6962181067_1747125247,6962181067,"""Improving Sleep Quality: Tailored Tips for Better Rest""",2025-05-13T10:34:31.736521
6962181067_1747300721,6962181067,"""Strategies for Increasing Daily Steps: A Guide for Sophie""",2025-05-15T11:18:51.146354
6962181067_1747301040,6962181067,"""Effective Strategies to Increase Daily Steps for a Healthier Lifestyle""",2025-05-15T11:24:14.605759
6962181067_1747301105,6962181067,"""Tips for Sophie to Improve Her 10-Mile Running Time""",2025-05-15T11:25:21.824433
6962181067_1747301529,6962181067,Oefeningen voor een Actieve Lunchpauze: Tips voor Sophie,2025-05-15T11:32:21.490369
6962181067_1747321509,6962181067,"""Strategies for Increasing Daily Step Count: Tips for Sophie""",2025-05-15T17:05:24.107964
6962181067_1747321798,6962181067,"""Effective Strategies for Increasing Daily Step Count""",2025-05-15T17:10:07.241144
6962181067_1747322744,6962181067,"""Improving Sleep Quality: Personalized Tips for Sophie""",2025-05-15T17:26:10.849811
6962181067_1748693892,6962181067,"""Tips for Improving Sleep Quality: A Guide for Sophie""",2025-05-31T14:18:24.725461
6962181067_1748695364,6962181067,"""Tips for Improving Sleep Quality for Better Daytime Rest""",2025-05-31T14:42:53.433654
6962181067_1748695413,6962181067,"""Tips for Improving Sleep Quality and Daytime Restfulness""",2025-05-31T14:43:41.742479
